CALDAY,POSTAL_CD,MATERIAL,PRONOSTICO,PRONOSTICO_GRUPO,rank_$,Monto,MATERIAL,SKU,Descripcion,MATL_TYPE,Proveedor,HEIGHT,LENGHT,WIDTH,GROSS_WT,VOLUME,VOLUMEUNIT,Precio_Publico,Precio_Farmacia,Precio_IMS,FechaCreacion,CodigoSAT,FormaFarmaceutica,EstatusMaterial,Refrigerado,SALESORG,DISTR_CHAN,PROD_HIER,Familia,MATL_GRP_1,MATL_GRP_2,MATL_GRP_4,MATL_GRP_5,MATL_GRP_3,PI,SUB,EMP,BTO,COSTO,PRINCIPIOS_ACTIVOS,Impuesto1,Impuesto2,NEG,FARMA,NUEVO,NUEVO_FECHA_FIN,Comprador,Salud_Total,$MARGEN_BRUTO,%MARGEN_BRUTO,PACK_CODE,ATC4,Grupo_Artic_Externo,VOLUMEN_MARA,QGRP_MARA,Segmento,CFG_CLIENTE_SAP,Tipo_invenadro,Monto_deseado,Incluye_Refrigerados,Incluye_Psicotropicos,Incluye_Especialidades,Incluye_Genericos,Incluye_Dispositivos_Medicos,Incluye_Complementos_Alimenticios,Incluye_Dermatologico,Incluye_OTC,Incluye_Etico_Patente,cliente_sap,CP_CLIENTE,PIEZAS_PRONOSTICO
20251114,84600,000000000000006880,316.54,2,4016,15000000,6880,7501299307519,PRESONE-1 5 MG 10 TAB,NHAW,1000332,6.700000000000000000,2.000000000000000000,12.800000000000000000,13.000000000000000000,185.856000000000000000,CCM,238.000000000000000000,158.270000000000000000,183.260000000000000000,2019-02-10,51121700,TAB,Disponible,General,MX01,P6,ETICOS,FARMA ETICOS,No aplica,No aplica,PRESONE-1,MODELO,Productos Éticos,1.000000000000000000,null,240.000000000000000000,null,139.280000000000000000,BESILATO DE AMLODIPINA,IVA 0%,IVA 0%,NBM,true,false,2019-05-11,Pablo Ruiz,false,21.427400000000006,0.1353851014089847,82401,C08A0,F0000001,185.856000000000000000,Z1,ETICO,7032453,SPP,150000,S,S,S,N,S,S,S,S,S,7032453,84600,2
20251114,84600,000000000000016221,1359.96,12,1869,15000000,16221,7501943466548,PANAL DIAPRO PANTS MED C/10,NHAW,1000295,15.800000000000000000,20.000000000000000000,14.500000000000000000,495.000000000000000000,7304.673000000000000000,CCM,125.920000000000000000,113.330000000000000000,113.330000000000000000,2019-02-10,53102305,,Disponible,General,MX01,P6,INCONTINENCIA,NO FARMA SIN CLASIF.,Fase Oro,No aplica,DIAPRO,NO FARMA,Sin Clasificación,1.000000000000000000,null,8.000000000000000000,null,103.130000000000000000,null,"IVA 16%, no I.E.P.S.","IVA 16%, no I.E.P.S.",LTA,false,false,2019-05-11,Jessica Gudiño Tome,false,9.36,0.09001731102135026,2299804,52B3&,F0000011,7304.673000000000000000,,NO FARMA,7032453,SPP,150000,S,S,S,N,S,S,S,S,S,7032453,84600,12
20251114,84600,000000000000048506,95.62,2,5366,15000000,48506,75076023,DESOD REXONA 72H SEX-BOU STICK 45G,NHAW,1000414,11.700000000000000000,5.700000000000000000,3.100000000000000000,80.000000000000000000,187.920000000000000000,CCM,54.330000000000000000,47.810000000000000000,47.810000000000000000,2022-03-31,53131606,,Disponible,General,MX01,P6,MUJER,NO FARMA SIN CLASIF.,No aplica,No aplica,REXONA,NO FARMA,Sin Clasificación,1.000000000000000000,null,12.000000000000000000,null,44.410000000000000000,null,"IVA 16%, no I.E.P.S.","IVA 16%, no I.E.P.S.",LTA,false,false,2022-06-29,Jhonatan Barrera Cervantes,false,4.537000000000006,0.10372656607224522,4812501,85C1A,F0000028,187.920000000000000000,,NO FARMA,7032453,SPP,150000,S,S,S,N,S,S,S,S,S,7032453,84600,2
20251114,84600,000000000000032468,3448.44,9,779,15000000,32468,7501101649622,VELIAN 25 MG SOL SB 10X10ML,NHAW,1000492,8.000000000000000000,14.300000000000000000,4.000000000000000000,150.000000000000000000,495.936000000000000000,CCM,618.000000000000000000,383.160000000000000000,494.400000000000000000,2019-02-10,51142100,SOL,Disponible,General,MX01,P6,ETICOS,FARMA ETICOS,No aplica,No aplica,No Aplica,MODELO,Productos Éticos,1.000000000000000000,null,40.000000000000000000,null,383.160000000000000000,DEXKETOPROFENO,IVA 0%,IVA 0%,SBL,true,false,2019-05-11,Armando Romero,false,37.4418,0.11,3335901,N02B0,F0000001,495.936000000000000000,Z1,ETICO,7032453,SPP,150000,S,S,S,N,S,S,S,S,S,7032453,84600,9
20251114,84600,000000000000005324,2767.73,7,991,15000000,5324,5605709349525,DOXIPROCT PLUS UNG TB 60 G,NHAW,1000233,4.000000000000000000,3.000000000000000000,16.600000000000000000,79.000000000000000000,289.000000000000000000,CCM,584.550000000000000000,395.390000000000000000,467.640000000000000000,2019-02-10,51131800,UNG,Disponible,General,MX01,P6,ANALGESICOS,FARMA OTC-LIBRE VTA,Fase 1,No aplica,DOXIPROCT-PLUS,MODELO,OTC,1.000000000000000000,null,50.000000000000000000,null,395.390000000000000000,LIDOCAINA/DEXAMETASONA/DOBESILATO DE CALCIO,IVA 0%,IVA 0%,PBG,true,false,2019-05-11,Ahtziri González Martínez,false,37.273000000000025,0.10000000000000006,3150720,C05A1,F0000001,289.000000000000000000,Z1,OTC,7032453,SPP,150000,S,S,S,N,S,S,S,S,S,7032453,84600,7
20251114,84600,000000000000018496,108.04,2,5271,15000000,18496,7502224510066,SILICA SEDA PURE 3N1 NJA 120ML,NHAW,1001237,15.600000000000000000,3.400000000000000000,5.500000000000000000,129.000000000000000000,252.720000000000000000,CCM,83.550000000000000000,54.020000000000000000,54.020000000000000000,2019-02-10,53131602,,Disponible,General,MX01,P6,CERAS Y SILICAS,NO FARMA SIN CLASIF.,No aplica,No aplica,SEDA PURE,MODELO,Sin Clasificación,1.000000000000000000,null,40.000000000000000000,null,54.020000000000000000,null,"IVA 16%, no I.E.P.S.","IVA 16%, no I.E.P.S.",LTA,false,false,2019-05-11,Jessica Gudiño Tome,false,4.915999999999997,0.09999999999999994,837804,86G9&,F0000045,252.720000000000000000,,NO FARMA,7032453,SPP,150000,S,S,S,N,S,S,S,S,S,7032453,84600,2
20251114,84600,000000000000000600,18247.68,54,69,15000000,600,7501159526029,EUCALIPTINE 100MG 10X1ML AMP,NHAW,1000475,3.000000000000000000,10.400000000000000000,8.700000000000000000,66.160000000000000000,291.712000000000000000,CCM,512.000000000000000000,337.920000000000000000,384.000000000000000000,2019-02-10,51161800,AMP,Disponible,General,MX01,P6,ETICOS,FARMA ETICOS,No aplica,No aplica,EUCALIPTINE,MODELO,Productos Éticos,1.000000000000000000,null,120.000000000000000000,null,300.750000000000000000,GUAYACOL,IVA 0%,IVA 0%,PBG,true,false,2019-05-11,Rafael Acevedo Roa,false,43.14116999999999,0.1393718743942624,3616002,R05A0,F0000001,291.712000000000000000,Z1,ETICO,7032453,SPP,150000,S,S,S,N,S,S,S,S,S,7032453,84600,54
20251114,84600,000000000000040738,37.4,1,5911,15000000,40738,780083140588,PLUSGEL 200/200/20MG 50TAB  LGEN,NHAW,1001692,9.500000000000000000,5.000000000000000000,5.000000000000000000,92.420000000000000000,269.568000000000000000,CCM,214.290000000000000000,37.400000000000000000,37.400000000000000000,2019-05-14,51171500,TAB,Disponible,General,MX01,P6,SALES OTC,FARMA OTC-LIBRE VTA,No aplica,No aplica,No Aplica,GENERICOS,OTC,1.000000000000000000,null,66.000000000000000000,null,31.790000000000000000,HIDROXIDO DE ALUMINIO,IVA 0%,IVA 0%,NBM,true,false,2019-08-12,Pablo Ruiz,true,4.93,0.12003895787679571,7132955,A02A4,F0000120,269.568000000000000000,Z1,GENÉRICOS,7032453,SPP,150000,S,S,S,N,S,S,S,S,S,7032453,84600,1
20251114,84600,000000000000042189,668.85,7,2868,15000000,42189,7501298223728,DOLO NEUROBION 5 TAB,NHAW,1000416,5.400000000000000000,11.100000000000000000,1.800000000000000000,10.000000000000000000,135.432000000000000000,CCM,192.000000000000000000,95.550000000000000000,136.500000000000000000,2019-10-16,51142104,TAB,Disponible,General,MX01,P6,ANALGESICOS,FARMA OTC-VENTA FCIA,No aplica,No aplica,DOLO-NEUROBION,MODELO,OTC,1.000000000000000000,null,588.000000000000000000,null,95.550000000000000000,PIRIDOXINA (V:VITAMINA B6)/CIANOCOBALAMINA (V:VITAMINA B1/DICLOFENACO SODICO,IVA 0%,IVA 0%,LTA,true,false,2020-01-14,Luis Toral Aldaco,false,9.464253999999997,0.10819999999999996,4025505,M01A2,F0000005,135.432000000000000000,Z1,OTC,7032453,SPP,150000,S,S,S,N,S,S,S,S,S,7032453,84600,7.000000000000001
20251114,84600,000000000000009920,1271.28,2,1957,15000000,9920,4260095689375,LEXOTAN 6 MG 30 TAB,NHAW,1001182,1.600000000000000000,9.700000000000000000,4.100000000000000000,16.000000000000000000,108.640000000000000000,CCM,957.290000000000000000,635.640000000000000000,635.640000000000000000,2019-02-10,51141910,TAB,Disponible,General,MX01,P6,PSICOTROPICOS II,FARMA PSICOTROP II,No aplica,Psicotrópicos Fracc.,LEXOTAN,MODELO,Psicotrópicos,1.000000000000000000,null,180.000000000000000000,null,635.640000000000000000,BROMAZEPAM,IVA 0%,IVA 0%,LTA,true,false,2019-05-11,Jhonatan Barrera Cervantes,false,67.89937499999996,0.11249999999999995,5347540,N05C0,F0000041,108.640000000000000000,Z1,ETICO,7032453,SPP,150000,S,S,S,N,S,S,S,S,S,7032453,84600,2
20251114,84600,000000000000011343,416.26,2,3615,15000000,11343,7501300409805,ENALADIL 10 MG 10 CPR,NHAW,1000503,2.000000000000000000,2.500000000000000000,11.500000000000000000,15.720000000000000000,191.632000000000000000,CCM,333.000000000000000000,208.130000000000000000,266.400000000000000000,2019-02-11,51121700,CPR,Disponible,General,MX01,P6,ETICOS,FARMA ETICOS,No aplica,No aplica,ENALADIL,MODELO,Productos Éticos,1.000000000000000000,null,192.000000000000000000,null,208.130000000000000000,MALEATO DE ENALAPRIL,IVA 0%,IVA 0%,LTA,true,false,2019-05-12,Elsa Cruz Avila,false,36.297871999999984,0.17439999999999992,3337410,C09A0,F0000001,191.632000000000000000,Z1,ETICO,7032453,SPP,150000,S,S,S,N,S,S,S,S,S,7032453,84600,2
20251114,84600,000000000000032438,334.86,6,3934,15000000,32438,70330736580,MAQ BIC FLEX3 EXT-SVE 2PZA     S,NHAW,1000384,18.500000000000000000,10.000000000000000000,2.800000000000000000,59.000000000000000000,699.732000000000000000,CCM,65.660000000000000000,55.810000000000000000,55.810000000000000000,2019-02-10,53131603,,Disponible,General,MX01,P6,RASURADO,NO FARMA SIN CLASIF.,No aplica,No aplica,BIC,NO FARMA,Sin Clasificación,1.000000000000000000,12.000000000000000000,36.000000000000000000,null,50.230000000000000000,null,"IVA 16%, no I.E.P.S.","IVA 16%, no I.E.P.S.",LTA,false,false,2019-05-11,Jessica Gudiño Tome,false,6.020050000000005,0.11906744462025326,3351701,90A2A,F0000011,699.732000000000000000,,NO FARMA,7032453,SPP,150000,S,S,S,N,S,S,S,S,S,7032453,84600,6
20251114,84600,000000000000044343,10.42,1,6141,15000000,44343,7506425601769,PLO KLEENEX BOUTIQUE C/60,NHAW,1000295,8.100000000000000000,12.100000000000000000,11.600000000000000000,122.500000000000000000,1170.560000000000000000,CCM,11.580000000000000000,10.420000000000000000,10.420000000000000000,2020-06-12,14111701,,Disponible,General,MX01,P6,PAPEL SANITARIO Y KL,NO FARMA SIN CLASIF.,Fase Oro,No aplica,KLEENEX,NO FARMA,Sin Clasificación,1.000000000000000000,null,48.000000000000000000,null,9.480000000000000000,null,"IVA 16%, no I.E.P.S.","IVA 16%, no I.E.P.S.",LTA,false,false,2020-09-10,Jessica Gudiño Tome,false,0.8800000000000008,0.09025641025641033,2276604,91C1&,F0000011,1170.560000000000000000,,NO FARMA,7032453,SPP,150000,S,S,S,N,S,S,S,S,S,7032453,84600,1
20251114,84600,000000000000013153,729.39,1,2757,15000000,13153,7501098606608,NEXIUM 2.5MG PED GRANULADO 28SB,NHAW,1000025,10.500000000000000000,5.500000000000000000,14.500000000000000000,103.140000000000000000,897.608000000000000000,CCM,1248.020000000000000000,729.390000000000000000,729.390000000000000000,2019-02-10,51171900,GRAN,Disponible,General,MX01,P6,ETICOS,FARMA ETICOS,No aplica,No aplica,NEXIUM,MODELO,Productos Éticos,1.000000000000000000,null,19.000000000000000000,null,646.030000000000000000,ESOMEPRAZOL MAGNESICO TRIHIDRA,IVA 0%,IVA 0%,SBL,true,false,2019-05-11,Armando Romero,false,69.47000000000003,0.1142918250168633,6241403,A02B2,F0000001,897.608000000000000000,Z1,ETICO,7032453,SPP,150000,S,S,S,N,S,S,S,S,S,7032453,84600,1
20251114,84600,000000000000017492,321.1,1,3995,15000000,17492,7501390910960,HEMAMINA JET ORAL AMP 10X5 ML,NHAW,1000278,10.700000000000000000,3.600000000000000000,10.700000000000000000,118.000000000000000000,443.232000000000000000,CCM,494.000000000000000000,321.100000000000000000,395.200000000000000000,2019-02-10,51191900,,Disponible,General,MX01,P6,SUPLEMENTOS ALIMENTI,FARMA SIN CLASIFICAR,No aplica,No aplica,HEMAMINA,MODELO,Sin Clasificación,1.000000000000000000,null,92.000000000000000000,null,285.780000000000000000,VITAMINA B2/PANAX GINSENG/VITAMINA B1,"IVA 16%, no I.E.P.S.","IVA 16%, no I.E.P.S.",NBM,true,false,2019-05-11,Pablo Ruiz,false,32.95999999999998,0.1099949941598531,1398401,A11D9,F0000076,443.232000000000000000,Z1,AUTOMEDICACIÓN,7032453,SPP,150000,S,S,S,N,S,S,S,S,S,7032453,84600,1
20251114,84600,000000000000046550,525.96,18,3269,15000000,46550,7501836009661,PARA/IBUPRO 325/200MG 20TAB LGEN,NHAW,1001692,6.100000000000000000,11.000000000000000000,2.200000000000000000,23.000000000000000000,144.940000000000000000,CCM,128.850000000000000000,29.220000000000000000,29.220000000000000000,2021-06-16,51142100,TAB,Disponible,General,MX01,P6,SALES OTC,FARMA OTC-LIBRE VTA,No aplica,No aplica,No Aplica,GENERICOS,OTC,1.000000000000000000,null,240.000000000000000000,null,25.710000000000000000,PARACETAMOL/IBUPROFENO,IVA 0%,IVA 0%,NBM,true,false,2021-09-14,Pablo Ruiz,true,3.509999999999998,0.12012320328542088,3180801,N02B0,F0000120,144.940000000000000000,Z1,GENÉRICOS,7032453,SPP,150000,S,S,S,N,S,S,S,S,S,7032453,84600,18.000000000000004
20251114,84600,000000000000016253,93.72,1,5391,15000000,16253,310119037799,BIOTRUE SOL MULTPROPOSITO 60 ML,NHAW,1002568,11.500000000000000000,4.200000000000000000,4.200000000000000000,92.500000000000000000,218.064000000000000000,CCM,167.360000000000000000,93.720000000000000000,117.150000000000000000,2019-02-10,51241100,,Disponible,General,MX01,P6,PRODUCTOS HIGIENICOS,FARMA SIN CLASIFICAR,Fase 1,No aplica,BIOTRUE,MODELO,Sin Clasificación,1.000000000000000000,null,24.000000000000000000,null,82.470000000000000000,HIALURONATO SODICO,"IVA 16%, no I.E.P.S.","IVA 16%, no I.E.P.S.",SBL,true,false,2019-05-11,Armando Romero,false,12.555250000000001,0.14199558923320516,1088901,64B5&,F0000026,218.064000000000000000,Z1,AUTOMEDICACIÓN,7032453,SPP,150000,S,S,S,N,S,S,S,S,S,7032453,84600,1
20251114,84600,000000000000011803,15.47,1,6119,15000000,11803,7501103300019,TOALLA T.TAIO RIGIDA / BANO ESPALDA,NHAW,1000573,22.000000000000000000,4.400000000000000000,10.700000000000000000,79.320000000000000000,2442.960000000000000000,CCM,19.580000000000000000,15.470000000000000000,15.470000000000000000,2019-02-10,53131600,,Disponible,General,MX01,P6,VARIOS,NO FARMA SIN CLASIF.,No aplica,No aplica,TAIO,NO FARMA,Sin Clasificación,1.000000000000000000,null,30.000000000000000000,null,13.770000000000000000,null,"IVA 16%, no I.E.P.S.","IVA 16%, no I.E.P.S.",LTA,false,false,2019-05-11,Jessica Gudiño Tome,false,1.549999999999999,0.10977337110481579,1739601,91A3B,F0000079,2442.960000000000000000,,NO FARMA,7032453,SPP,150000,S,S,S,N,S,S,S,S,S,7032453,84600,1
20251114,84600,000000000000029841,1705.6299999999999,19,1554,15000000,29841,7501299307830,TUSIGEN NF JBE INFANTIL 150ML,NHAW,1000332,14.500000000000000000,5.400000000000000000,5.100000000000000000,242.400000000000000000,425.736000000000000000,CCM,135.000000000000000000,89.770000000000000000,103.950000000000000000,2019-02-10,51161800,JBE,Disponible,General,MX01,P6,ANTIGRIPALES Y TOS,FARMA OTC-LIBRE VTA,No aplica,No aplica,TUSIGEN,MODELO,OTC,1.000000000000000000,null,50.000000000000000000,null,79.000000000000000000,BROMHIDRATO DE DEXTROMETORFANO/CLORHIDRATO DE AMBROXOL,IVA 0%,IVA 0%,NBM,true,false,2019-05-11,Pablo Ruiz,false,11.35045000000001,0.13544689737470178,2998601,R05D2,F0000001,425.736000000000000000,Z1,OTC,7032453,SPP,150000,S,S,S,N,S,S,S,S,S,7032453,84600,19
20251114,84600,000000000000005682,7203.84,21,286,15000000,5682,7501385491085,DANZEN 10 MG 20 TAB,NHAW,1000475,4.200000000000000000,1.500000000000000000,10.000000000000000000,9.000000000000000000,97.920000000000000000,CCM,536.000000000000000000,343.040000000000000000,428.800000000000000000,2019-02-10,51142100,GRAG,Disponible,General,MX01,P6,ETICOS,FARMA ETICOS,No aplica,No aplica,DANZEN,MODELO,Productos Éticos,1.000000000000000000,null,462.000000000000000000,null,305.310000000000000000,SERRATIO PEPTIDASA,IVA 0%,IVA 0%,PBG,true,false,2019-05-11,Rafael Acevedo Roa,false,43.799109999999985,0.13938107815682277,2509013,V03H0,F0000001,97.920000000000000000,Z1,ETICO,7032453,SPP,150000,S,S,S,N,S,S,S,S,S,7032453,84600,21
20251114,84600,000000000000053789,96.02,1,5364,15000000,53789,7503027446392,KIARA 100/400MG 7 CAPS      LGEN,NHAW,1001562,0E-18,0E-18,0E-18,38.900000000000000000,219.240000000000000000,CCM,440.000000000000000000,96.020000000000000000,96.020000000000000000,2024-08-14,51101811,CAPS,Disponible,General,MX01,P6,GENERICOS FARMA MARC,FARMA ETICOS,No aplica,No aplica,No Aplica,GENERICOS,Productos Éticos,1.000000000000000000,null,180.000000000000000000,null,81.620000000000000000,null,IVA 0%,IVA 0%,NBM,true,false,2024-11-12,Pablo Ruiz,true,null,null,5446901,G01B0,F0000120,219.240000000000000000,Z1,GENÉRICOS,7032453,SPP,150000,S,S,S,N,S,S,S,S,S,7032453,84600,1
20251114,84600,000000000000052873,761.56,2,2683,15000000,52873,3282770392692,AVENE PROT SOL SPF50 MAT PERF 50ML,NHAW,1000203,0E-18,0E-18,0E-18,64.000000000000000000,186.368000000000000000,CCM,559.480000000000000000,380.780000000000000000,380.780000000000000000,2024-01-26,53131609,CRA,Disponible,General,MX01,P6,DERMATOLOGICOS OTC,FARMA SIN CLASIFICAR,No aplica,No aplica,AVENE,INFLEXIBLES FARMA,Sin Clasificación,1.000000000000000000,null,120.000000000000000000,null,349.560000000000000000,null,"IVA 16%, no I.E.P.S.","IVA 16%, no I.E.P.S.",LTA,true,false,2024-04-25,Erika Cristain Martínez,false,48.149190799999985,0.1264488439518882,907866,83F2K,F0000042,186.368000000000000000,Z2,AUTOMEDICACIÓN,7032453,SPP,150000,S,S,S,N,S,S,S,S,S,7032453,84600,2
20251114,84600,000000000000022947,513.27,1,3307,15000000,22947,7501125165269,ROBOTEK 20 MG 30 TAB,NHAW,1000413,4.500000000000000000,9.500000000000000000,2.500000000000000000,14.000000000000000000,129.720000000000000000,CCM,910.900000000000000000,513.270000000000000000,742.380000000000000000,2019-02-10,51121800,TAB,Disponible,General,MX01,P6,ETICOS,FARMA ETICOS,Fase 1 y Oro,No aplica,ROBOTEK,MODELO,Productos Éticos,1.000000000000000000,null,55.000000000000000000,null,456.810000000000000000,ROSUVASTATINA CALCICA,IVA 0%,IVA 0%,SBL,true,false,2019-05-11,Armando Romero,false,65.59619999999995,0.12780057279794252,2398102,C10A1,F0000001,129.720000000000000000,Z1,ETICO,7032453,SPP,150000,S,S,S,N,S,S,S,S,S,7032453,84600,1
20251114,84600,000000000000018762,297,11,4101,15000000,18762,7502251430092,PBA EMBARAZO DISVARE,NHAW,1001235,6.000000000000000000,2.000000000000000000,19.500000000000000000,21.000000000000000000,192.000000000000000000,CCM,36.490000000000000000,27.000000000000000000,27.000000000000000000,2019-02-10,41116205,,Disponible,General,MX01,P6,AGENTES DE DIAGNOSTI,FARMA SIN CLASIFICAR,No aplica,No aplica,INNOVAXA,MODELO,Sin Clasificación,1.000000000000000000,null,126.000000000000000000,null,27.000000000000000000,MATERIAL DE DIAGNOSTICO,"IVA 16%, no I.E.P.S.","IVA 16%, no I.E.P.S.",LTA,true,false,2019-05-11,Elsa Cruz Avila,false,2.969999999999999,0.10999999999999996,1817601,T02C0,F0000029,192.000000000000000000,Z2,AUTOMEDICACIÓN,7032453,SPP,150000,S,S,S,N,S,S,S,S,S,7032453,84600,11
20251114,84600,000000000000006906,929.66,2,2414,15000000,6906,7501299307717,EVOCS-111 IV 500MG SOLINY 100 ML,NHAW,1000332,14.500000000000000000,2.500000000000000000,27.000000000000000000,182.000000000000000000,1165.080000000000000000,CCM,699.000000000000000000,464.830000000000000000,538.230000000000000000,2019-02-10,51101500,SOL,Disponible,General,MX01,P6,ETICOS,FARMA ETICOS,No aplica,No aplica,EVOCS,MODELO,Productos Éticos,1.000000000000000000,null,20.000000000000000000,null,409.050000000000000000,LEVOFLOXACINA,IVA 0%,IVA 0%,VZJ,true,false,2019-05-11,Diana Valentina Cruz,false,61.67504999999994,0.13539482349841928,237403,J01G2,F0000001,1165.080000000000000000,Z1,ETICO,7032453,SPP,150000,S,S,S,N,S,S,S,S,S,7032453,84600,2
20251114,84600,000000000000011223,2028.6000000000001,5,1338,15000000,11223,736085400489,SOPHIPREN OFTENO 10 MG SUSP 5 ML,NHAW,1001557,2.600000000000000000,6.500000000000000000,2.600000000000000000,21.000000000000000000,139.872000000000000000,CCM,598.390000000000000000,405.720000000000000000,405.720000000000000000,2019-02-10,51181730,SUSP,Disponible,General,MX01,P6,ETICOS,FARMA ETICOS,No aplica,No aplica,SOPHIPREN,INFLEXIBLES FARMA,Productos Éticos,1.000000000000000000,null,20.000000000000000000,null,357.030000000000000000,PREDNISOLONA,IVA 0%,IVA 0%,SBL,true,false,2019-05-11,Armando Romero,false,44.670000000000016,0.12000967169953257,8174420,S01B0,F0000029,139.872000000000000000,Z1,ETICO,7032453,SPP,150000,S,S,S,N,S,S,S,S,S,7032453,84600,5
20251114,84600,000000000000020597,5968.86,6,377,15000000,20597,7501384544164,SELECTIVE 10 MG 28 TAB 1+1,NHAW,1001162,5.500000000000000000,3.000000000000000000,10.800000000000000000,27.500000000000000000,193.536000000000000000,CCM,1448.910000000000000000,994.810000000000000000,1151.880000000000000000,2019-02-10,51141633,TAB,Disponible,General,MX01,P6,ETICOS,FARMA ETICOS,No aplica,No aplica,SELECTIVE,MODELO,Productos Éticos,1.000000000000000000,null,120.000000000000000000,null,875.430000000000000000,ESCITALOPRAM,IVA 0%,IVA 0%,NBM,true,false,2019-05-11,Pablo Ruiz,false,123.62923999999998,0.13056208680958917,1382903,N06A4,F0000001,193.536000000000000000,Z1,ETICO,7032453,SPP,150000,S,S,S,N,S,S,S,S,S,7032453,84600,6
20251114,84600,000000000000010801,1182.88,2,2056,15000000,10801,7501409201041,NUVARING 11.7/2.7MG DVAG PV1,NHAW,1002238,12.000000000000000000,1.800000000000000000,12.900000000000000000,53.320000000000000000,297.360000000000000000,CCM,890.720000000000000000,591.440000000000000000,591.440000000000000000,2019-02-10,51181832,PVO,Disponible,Refrigerado (2° a 8 °C),MX01,P6,ETICOS,FARMA ETICOS,Fase Oro,No aplica,NUVARING,MODELO,Productos Éticos,1.000000000000000000,null,150.000000000000000000,null,591.440000000000000000,ETINILESTRADIOL/ETONOGESTREL,IVA 0%,IVA 0%,PBG,true,false,2019-05-11,Ahtziri González Martínez,false,50.72300000000001,0.10000000000000002,6407901,G03A9,F0000001,297.360000000000000000,Z1,ETICO,7032453,SPP,150000,S,S,S,N,S,S,S,S,S,7032453,84600,2
20251114,84600,000000000000007793,9939.199999999999,10,167,15000000,7793,840149675444,CARDURA 4MG 20 TAB,NHAW,1002089,2.200000000000000000,8.000000000000000000,6.500000000000000000,14.920000000000000000,96.976000000000000000,CCM,1515.170000000000000000,993.920000000000000000,993.920000000000000000,2019-02-10,51151824,TAB,Disponible,General,MX01,P6,ETICOS,FARMA ETICOS,No aplica,No aplica,CARDURA,INFLEXIBLES FARMA,Productos Éticos,1.000000000000000000,null,162.000000000000000000,null,950.190000000000000000,DOXAZOSINA,IVA 0%,IVA 0%,PBG,true,false,2019-05-11,Rafael Acevedo Roa,false,276.1619999999999,0.2631367317770366,1758935,C02A2,F0000001,96.976000000000000000,Z1,ETICO,7032453,SPP,150000,S,S,S,N,S,S,S,S,S,7032453,84600,10
20251114,84600,000000000000008061,146.68,1,4950,15000000,8061,7501065037596,DIMACOL ADULTO FCO 150 ML,NHAW,1000500,13.700000000000000000,5.500000000000000000,5.500000000000000000,208.000000000000000000,456.456000000000000000,CCM,225.000000000000000000,146.680000000000000000,178.890000000000000000,2019-02-10,51161700,SOL,Disponible,General,MX01,P6,ANTIGRIPALES Y TOS,FARMA OTC-LIBRE VTA,Fase 1,No aplica,DIMACOL,MODELO,OTC,1.000000000000000000,null,48.000000000000000000,null,146.680000000000000000,GUAIFENESINA/CLORHIDRATO DE FENILEFRINA/BROMHIDRATO DE DEXTROMETORFANO,IVA 0%,IVA 0%,LTA,true,false,2019-05-11,Elsa Cruz Avila,false,17.258359600000006,0.12236500000000004,90405,R05D2,F0000015,456.456000000000000000,Z1,OTC,7032453,SPP,150000,S,S,S,N,S,S,S,S,S,7032453,84600,1
20251114,84600,000000000000048388,1698.84,22,1562,15000000,48388,7502009745898,DIOS/HESP 450/50MG 20TAB MV LGEN,NHAW,1003329,5.150000000000000000,10.950000000000000000,2.500000000000000000,27.980000000000000000,163.072000000000000000,CCM,435.000000000000000000,77.220000000000000000,77.220000000000000000,2022-03-11,51142400,TAB,Disponible,General,MX01,P6,SALES FARMA,FARMA ETICOS,No aplica,No aplica,No Aplica,GENERICOS,Productos Éticos,1.000000000000000000,null,160.000000000000000000,null,58.000000000000000000,DIOSMINA/HESPERIDINA,IVA 0%,IVA 0%,NBM,true,false,2022-06-09,Pablo Ruiz,true,11.989999999999995,0.1499874906179634,2956301,C05C0,F0000120,163.072000000000000000,Z1,GENÉRICOS,7032453,SPP,150000,S,S,S,N,S,S,S,S,S,7032453,84600,22
20251114,84600,000000000000001788,223.51,7,4476,15000000,1788,7502214982514,PRESERV PRUDENCE AROMA CHTE C/3,NHAW,1000049,9.000000000000000000,1.400000000000000000,6.000000000000000000,2.000000000000000000,187.880000000000000000,CCM,43.100000000000000000,31.930000000000000000,31.930000000000000000,2019-02-10,53131622,,Disponible,General,MX01,P6,PRESERVATIVOS,FARMA SIN CLASIFICAR,Fase Oro,No aplica,PRUDENCE,MODELO,Sin Clasificación,1.000000000000000000,null,576.000000000000000000,null,31.930000000000000000,ANTICONCEPTIVOS,"IVA 16%, no I.E.P.S.","IVA 16%, no I.E.P.S.",LTA,true,false,2019-05-11,Jhonatan Barrera Cervantes,false,4.1509,0.13,501403,66A1&,F0000057,187.880000000000000000,Z2,AUTOMEDICACIÓN,7032453,SPP,150000,S,S,S,N,S,S,S,S,S,7032453,84600,7
20251114,84600,000000000000038144,19.29,1,6083,15000000,38144,7501349028753,CLORANFENICOL SOL OFTAL15ML LGEN,NHAW,1001697,8.200000000000000000,2.800000000000000000,2.800000000000000000,25.000000000000000000,64.288000000000000000,CCM,94.500000000000000000,19.290000000000000000,19.290000000000000000,2019-02-10,51102400,SOL,Disponible,Refrigerado (2° a 8 °C),MX01,P6,GENERICOS FARMA MARC,FARMA ETICOS,No aplica,No aplica,No Aplica,GENERICOS,Productos Éticos,1.000000000000000000,null,165.000000000000000000,null,16.400000000000000000,CLORANFENICOL,IVA 0%,IVA 0%,NBM,true,false,2019-05-11,Pablo Ruiz,true,3.3920999999999992,0.15836134453781509,262601,S01A0,F0000120,64.288000000000000000,Z1,GENÉRICOS,7032453,SPP,150000,S,S,S,N,S,S,S,S,S,7032453,84600,1
20251114,84600,000000000000027730,609.51,11,3028,15000000,27730,7501825302889,TRAMADOL 100MG 10 TAB       LGEN,NHAW,1001692,4.500000000000000000,10.500000000000000000,1.500000000000000000,10.000000000000000000,87.768000000000000000,CCM,439.310000000000000000,55.410000000000000000,55.410000000000000000,2019-02-10,51142200,TAB,Disponible,General,MX01,P6,SALES FARMA,FARMA ETICOS,No aplica,No aplica,BTK FARMA,GENERICOS,Productos Éticos,1.000000000000000000,null,190.000000000000000000,null,48.760000000000000000,CLORHIDRATO DE TRAMADOL,IVA 0%,IVA 0%,NBM,true,false,2019-05-11,Pablo Ruiz,true,6.649999999999999,0.120014437827107,2565001,N02B0,F0000120,87.768000000000000000,Z1,GENÉRICOS,7032453,SPP,150000,S,S,S,N,S,S,S,S,S,7032453,84600,11
20251114,84600,000000000000053669,1290.72,3,1943,15000000,53669,7501314703678,JARSIX 5/0.25MG 20 TAB,NHAW,1000487,0E-18,0E-18,0E-18,12.100000000000000000,108.864000000000000000,CCM,600.000000000000000000,430.240000000000000000,430.240000000000000000,2024-07-18,51161600,TAB,Disponible,General,MX01,P6,ETICOS,FARMA ETICOS,No aplica,No aplica,No Aplica,MODELO,Productos Éticos,1.000000000000000000,null,360.000000000000000000,null,378.610000000000000000,null,IVA 0%,IVA 0%,SBL,true,false,2024-10-16,Armando Romero,false,47.329999999999984,0.1200081137959887,4094303,H02B0,F0000001,108.864000000000000000,Z1,ETICO,7032453,SPP,150000,S,S,S,N,S,S,S,S,S,7032453,84600,3
20251114,84600,000000000000015921,490.78,2,3367,15000000,15921,7501299330234,EVEREST MONTELUKAST 5 MG 10 TAB,NHAW,1000332,6.700000000000000000,2.000000000000000000,13.000000000000000000,14.700000000000000000,185.856000000000000000,CCM,369.000000000000000000,245.390000000000000000,284.130000000000000000,2019-02-10,51161500,TAB,Disponible,General,MX01,P6,ETICOS,FARMA ETICOS,No aplica,No aplica,EVEREST,MODELO,Productos Éticos,1.000000000000000000,null,240.000000000000000000,null,215.940000000000000000,SODICO MONTELUKAST,IVA 0%,IVA 0%,NBM,true,false,2019-05-11,Pablo Ruiz,false,33.22895,0.13541281225803822,1020302,R03J2,F0000001,185.856000000000000000,Z1,ETICO,7032453,SPP,150000,S,S,S,N,S,S,S,S,S,7032453,84600,2
20251114,84600,000000000000010928,1176,4,2065,15000000,10928,7501314701711,FOSFOCIL IM SOL INY 1G F.A.,NHAW,1000487,9.000000000000000000,3.000000000000000000,4.000000000000000000,45.000000000000000000,112.800000000000000000,CCM,410.000000000000000000,294.000000000000000000,294.000000000000000000,2019-02-10,51101500,SOL,Disponible,General,MX01,P6,ETICOS,FARMA ETICOS,Fase 1,No aplica,FOSFOCIL,MODELO,Productos Éticos,1.000000000000000000,null,200.000000000000000000,null,258.720000000000000000,FOSFOMICINA,IVA 0%,IVA 0%,SBL,true,false,2019-05-11,Armando Romero,false,28.400000000000006,0.120018594430123,4045320,J01X9,F0000001,112.800000000000000000,Z1,ETICO,7032453,SPP,150000,S,S,S,N,S,S,S,S,S,7032453,84600,4
20251114,84600,000000000000054713,600.68,2,3050,15000000,54713,7502268543952,VOTRIPAX-L 1MG S INY 3JGA PRE 3ML,NHAW,1000413,0E-18,0E-18,0E-18,84.000000000000000000,742.000000000000000000,CCM,533.010000000000000000,300.340000000000000000,434.400000000000000000,2025-03-13,51142100,JGA,Disponible,General,MX01,P6,ETICOS,FARMA ETICOS,No aplica,No aplica,VOTRIPAX,MODELO,Productos Éticos,1.000000000000000000,null,18.000000000000000000,null,267.300000000000000000,null,IVA 0%,IVA 0%,SBL,true,false,2025-06-11,Armando Romero,false,null,null,3512202,M01A2,F0000001,742.000000000000000000,Z1,ETICO,7032453,SPP,150000,S,S,S,N,S,S,S,S,S,7032453,84600,2
20251114,84600,000000000000031148,49.56,1,5806,15000000,31148,37836051012,JBN LIQ GRISI MEN 2EN1 REVIT 450ML,NHAW,1000227,20.000000000000000000,8.000000000000000000,5.000000000000000000,520.000000000000000000,848.400000000000000000,CCM,55.610000000000000000,49.560000000000000000,49.560000000000000000,2019-02-10,53131612,,Disponible,General,MX01,P6,JABON,NO FARMA SIN CLASIF.,No aplica,No aplica,GRISI 1,MODELO,Sin Clasificación,1.000000000000000000,null,12.000000000000000000,null,49.560000000000000000,null,"IVA 16%, no I.E.P.S.","IVA 16%, no I.E.P.S.",LTA,false,false,2019-05-11,Jhonatan Barrera Cervantes,false,4.631999999999998,0.09999999999999995,1042328,85A1A,F0000045,848.400000000000000000,,NO FARMA,7032453,SPP,150000,S,S,S,N,S,S,S,S,S,7032453,84600,1
20251114,84600,000000000000017639,9165,26,189,15000000,17639,4104480706196,PANOTO-S 0.7G/100ML JBE 200 ML,NHAW,1000503,14.200000000000000000,6.700000000000000000,6.700000000000000000,405.000000000000000000,618.552000000000000000,CCM,564.000000000000000000,352.500000000000000000,451.200000000000000000,2019-02-10,51161800,JBE,Disponible,General,MX01,P6,ANTIGRIPALES Y TOS,FARMA OTC-LIBRE VTA,No aplica,No aplica,PANOTO-S,MODELO,OTC,1.000000000000000000,null,20.000000000000000000,null,352.500000000000000000,HEDERA HELIX EXTRACTO SECO DE,IVA 0%,IVA 0%,LTA,true,false,2019-05-11,Elsa Cruz Avila,false,59.40587199999999,0.17439999999999997,6697303,R05C0,F0000001,618.552000000000000000,Z1,OTC,7032453,SPP,150000,S,S,S,N,S,S,S,S,S,7032453,84600,26
20251114,84600,000000000000029794,236.6,4,4418,15000000,29794,26169036513,FRAG BODY FANTASI PINK KISS 236ML,NHAW,1003168,20.500000000000000000,7.000000000000000000,3.500000000000000000,253.320000000000000000,453.288000000000000000,CCM,73.940000000000000000,59.150000000000000000,59.150000000000000000,2019-02-10,53131620,,Disponible,General,MX01,P6,LOCIONES,NO FARMA SIN CLASIF.,No aplica,No aplica,BODY FRESH,MODELO,Sin Clasificación,1.000000000000000000,null,12.000000000000000000,null,59.150000000000000000,null,"IVA 16%, no I.E.P.S.","IVA 16%, no I.E.P.S.",LTA,false,false,2019-05-11,Erika Cristain Martínez,false,8.292000000000002,0.15000000000000002,2602603,82F8&,F0000072,453.288000000000000000,,NO FARMA,7032453,SPP,150000,S,S,S,N,S,S,S,S,S,7032453,84600,4
20251114,84600,000000000000019803,697.06,7,2817,15000000,19803,7794640170133,C D SENSODYNE REPAR-PROT 100G,NHAW,1000500,4.600000000000000000,3.900000000000000000,16.900000000000000000,126.660000000000000000,312.800000000000000000,CCM,149.360000000000000000,99.580000000000000000,124.470000000000000000,2019-02-10,51212100,,Disponible,General,MX01,P6,CREMAS DENTALES,NO FARMA SIN CLASIF.,No aplica,No aplica,SENSODYNE,MODELO,Sin Clasificación,1.000000000000000000,null,12.000000000000000000,null,99.580000000000000000,null,"IVA 16%, no I.E.P.S.","IVA 16%, no I.E.P.S.",LTA,false,false,2019-05-11,Elsa Cruz Avila,false,11.716448749999998,0.12236499999999997,1996401,87A3C,F0000015,312.800000000000000000,Z2,NO FARMA,7032453,SPP,150000,S,S,S,N,S,S,S,S,S,7032453,84600,7
20251114,84600,000000000000016222,4306.54,38,583,15000000,16222,7501943466562,PANAL DIAPRO PANTS GDE C/10,NHAW,1000295,15.800000000000000000,20.000000000000000000,14.500000000000000000,652.500000000000000000,9593.761000000000000000,CCM,125.920000000000000000,113.330000000000000000,113.330000000000000000,2019-02-10,53102305,,Disponible,General,MX01,P6,INCONTINENCIA,NO FARMA SIN CLASIF.,Fase Oro,No aplica,DIAPRO,NO FARMA,Sin Clasificación,1.000000000000000000,null,8.000000000000000000,null,103.130000000000000000,null,"IVA 16%, no I.E.P.S.","IVA 16%, no I.E.P.S.",LTA,false,false,2019-05-11,Jessica Gudiño Tome,false,9.36,0.09001731102135026,2299803,52B3&,F0000011,9593.761000000000000000,,NO FARMA,7032453,SPP,150000,S,S,S,N,S,S,S,S,S,7032453,84600,38
20251114,84600,000000000000008377,513.57,17,3304,15000000,8377,7501056371159,JBN DOVE EXFOLIAC DIARIA135G,NHAW,1000414,6.700000000000000000,3.800000000000000000,9.400000000000000000,150.000000000000000000,240.768000000000000000,CCM,32.840000000000000000,30.210000000000000000,30.210000000000000000,2019-02-10,53131608,,Disponible,General,MX01,P6,JABON,NO FARMA SIN CLASIF.,No aplica,No aplica,DOVE,NO FARMA,Sin Clasificación,1.000000000000000000,null,48.000000000000000000,null,27.900000000000000000,null,"IVA 16%, no I.E.P.S.","IVA 16%, no I.E.P.S.",LTA,false,false,2019-05-11,Jhonatan Barrera Cervantes,false,2.9731500000000004,0.10819323144104805,1460315,85A1A,F0000028,240.768000000000000000,,NO FARMA,7032453,SPP,150000,S,S,S,N,S,S,S,S,S,7032453,84600,17
20251114,84600,000000000000044673,347.34000000000003,6,3872,15000000,44673,75072896,DESOD REXONA MEN XTRACOOL GEL 80G,NHAW,1000414,12.000000000000000000,7.190000000000000000,3.480000000000000000,135.000000000000000000,285.600000000000000000,CCM,65.780000000000000000,57.890000000000000000,57.890000000000000000,2020-08-19,53131606,,Disponible,General,MX01,P6,HOMBRE,NO FARMA SIN CLASIF.,No aplica,No aplica,REXONA,NO FARMA,Sin Clasificación,1.000000000000000000,null,12.000000000000000000,null,53.770000000000000000,null,"IVA 16%, no I.E.P.S.","IVA 16%, no I.E.P.S.",LTA,false,false,2020-11-17,Jhonatan Barrera Cervantes,false,5.655299999999997,0.1038241233706627,1143607,85C2A,F0000028,285.600000000000000000,,NO FARMA,7032453,SPP,150000,S,S,S,N,S,S,S,S,S,7032453,84600,6.000000000000001
20251114,84600,000000000000014143,92.52,2,5401,15000000,14143,7502216129702,FIJ SATIN-PLUS ACTICERAM SPY372ML,NHAW,1000639,20.000000000000000000,20.000000000000000000,6.200000000000000000,372.000000000000000000,785.862000000000000000,CCM,54.420000000000000000,46.260000000000000000,46.260000000000000000,2019-02-10,53131602,,Disponible,General,MX01,P6,FIJADORES Y MOUSSE,NO FARMA SIN CLASIF.,Fase 1,No aplica,SATIN PLUS,NO FARMA,Sin Clasificación,1.000000000000000000,null,12.000000000000000000,null,41.400000000000000000,null,"IVA 16%, no I.E.P.S.","IVA 16%, no I.E.P.S.",LTA,false,false,2019-05-11,Erika Cristain Martínez,false,4.859999999999999,0.10505836575875485,1061801,86G4&,F0000045,785.862000000000000000,,NO FARMA,7032453,SPP,150000,S,S,S,N,S,S,S,S,S,7032453,84600,2
20251114,84600,000000000000053673,3149.06,2,859,15000000,53673,7501124820350,CO-DIOVAN 320/25MG 28 TAB,NHAW,1003128,0E-18,0E-18,0E-18,29.000000000000000000,137.800000000000000000,CCM,2232.430000000000000000,1574.530000000000000000,1574.530000000000000000,2024-07-11,51121700,TAB,Disponible,General,MX01,P6,ETICOS,FARMA ETICOS,No aplica,No aplica,CO-DIOVAN,MODELO,Productos Éticos,1.000000000000000000,null,168.000000000000000000,null,1574.530000000000000000,null,IVA 0%,IVA 0%,LTA,true,false,2024-10-09,Elsa Cruz Avila,false,184.38999999999987,0.12119997107869873,2126804,C09D1,F0000001,137.800000000000000000,Z1,ETICO,7032453,SPP,150000,S,S,S,N,S,S,S,S,S,7032453,84600,2
20251114,84600,000000000000014983,1064.67,1,2229,15000000,14983,7501299330142,THOREVA 40 MG 56 TAB,NHAW,1000332,6.700000000000000000,4.500000000000000000,12.900000000000000000,66.600000000000000000,411.840000000000000000,CCM,1601.000000000000000000,1064.670000000000000000,1232.770000000000000000,2019-02-10,51121800,TAB,Disponible,General,MX01,P6,ETICOS,FARMA ETICOS,No aplica,No aplica,THOREVA,MODELO,Productos Éticos,1.000000000000000000,null,84.000000000000000000,null,936.910000000000000000,ATORVASTATINA,IVA 0%,IVA 0%,NBM,true,false,2019-05-11,Pablo Ruiz,false,139.92450000000008,0.13540076058873057,867703,C10A1,F0000001,411.840000000000000000,Z1,ETICO,7032453,SPP,150000,S,S,S,N,S,S,S,S,S,7032453,84600,1
20251114,84600,000000000000011379,620.63,1,2999,15000000,11379,7501300409911,CLENDIX 300 MG 21 CAPS,NHAW,1000503,3.300000000000000000,13.800000000000000000,6.000000000000000000,19.000000000000000000,298.080000000000000000,CCM,993.000000000000000000,620.630000000000000000,794.400000000000000000,2019-02-10,51101500,CAPS,Disponible,General,MX01,P6,ETICOS,FARMA ETICOS,No aplica,No aplica,CLENDIX,MODELO,Productos Éticos,1.000000000000000000,null,144.000000000000000000,null,620.630000000000000000,CLINDAMICINA DE CLORHIDRATO,IVA 0%,IVA 0%,LTA,true,false,2019-05-11,Elsa Cruz Avila,false,99.19,0.1744,14301,J01F0,F0000001,298.080000000000000000,Z1,ETICO,7032453,SPP,150000,S,S,S,N,S,S,S,S,S,7032453,84600,1
20251114,84600,000000000000041569,296.01,3,4107,15000000,41569,4005808189687,GEL NIVEA LIMP FAC EFEC MATE150ML,NHAW,1000046,14.800000000000000000,7.800000000000000000,5.000000000000000000,183.320000000000000000,429.200000000000000000,CCM,116.080000000000000000,98.670000000000000000,98.670000000000000000,2019-08-22,53131613,GEL,Disponible,General,MX01,P6,CUIDADOS ESENCIALES,NO FARMA SIN CLASIF.,No aplica,No aplica,NIVEA,NO FARMA,Sin Clasificación,1.000000000000000000,null,6.000000000000000000,null,89.250000000000000000,null,"IVA 16%, no I.E.P.S.","IVA 16%, no I.E.P.S.",LTA,false,false,2019-11-20,Luis Toral Aldaco,false,9.352075,0.09952192188996488,9801809,83A1D,F0000011,429.200000000000000000,Z2,NO FARMA,7032453,SPP,150000,S,S,S,N,S,S,S,S,S,7032453,84600,3
20251114,84600,000000000000001607,81.04,1,5505,15000000,1607,4005800631702,POM LAB EUCERIN PHS P/SENS 4.8 G,NHAW,1000046,12.000000000000000000,2.000000000000000000,7.500000000000000000,25.000000000000000000,177.600000000000000000,CCM,95.340000000000000000,81.040000000000000000,81.040000000000000000,2019-02-10,53131630,,Disponible,General,MX01,P6,PROTECTOR LABIAL,NO FARMA SIN CLASIF.,No aplica,No aplica,EUCERIN,NO FARMA,Sin Clasificación,1.000000000000000000,null,12.000000000000000000,null,73.030000000000000000,null,"IVA 16%, no I.E.P.S.","IVA 16%, no I.E.P.S.",LTA,false,false,2019-05-11,Luis Toral Aldaco,false,7.786783749999998,0.10282297306219461,3623710,83C1A,F0000011,177.600000000000000000,,NO FARMA,7032453,SPP,150000,S,S,S,N,S,S,S,S,S,7032453,84600,1
20251114,84600,000000000000003566,142.92,4,4979,15000000,3566,7501019007057,TAS SANIT SABA CONF MZLLA REG A14,NHAW,1000126,16.000000000000000000,7.000000000000000000,10.000000000000000000,111.660000000000000000,1457.280000000000000000,CCM,39.700000000000000000,35.730000000000000000,35.730000000000000000,2019-02-10,53131615,,Disponible,General,MX01,P6,HIGIENE FEMENINA,NO FARMA SIN CLASIF.,No aplica,No aplica,SABA,NO FARMA,Sin Clasificación,1.000000000000000000,null,12.000000000000000000,null,32.160000000000000000,null,IVA 0%,IVA 0%,LTA,false,false,2019-05-11,Jessica Gudiño Tome,false,3.389999999999997,0.1000885739592559,9782708,91B1&,F0000011,1457.280000000000000000,,NO FARMA,7032453,SPP,150000,S,S,S,N,S,S,S,S,S,7032453,84600,4
20251114,84600,000000000000054918,718.75,1,2769,15000000,54918,7501300422101,ULKRO 400 MG 10 CAPS,NHAW,1000503,0E-18,0E-18,0E-18,21.000000000000000000,241.800000000000000000,CCM,1150.000000000000000000,718.750000000000000000,920.000000000000000000,2025-04-16,51101599,CAPS,Disponible,General,MX01,P6,ETICOS,FARMA ETICOS,No aplica,No aplica,No Aplica,MODELO,Productos Éticos,1.000000000000000000,null,144.000000000000000000,null,718.750000000000000000,null,IVA 0%,IVA 0%,LTA,true,false,2025-07-15,Elsa Cruz Avila,false,null,null,5391705,J01D1,F0000001,241.800000000000000000,Z1,ETICO,7032453,SPP,150000,S,S,S,N,S,S,S,S,S,7032453,84600,1
20251114,84600,000000000000053104,7932.15,15,235,15000000,53104,736085416909,NANODROP PF 6MG FCO GOT 10 ML,NHAW,1001557,0E-18,0E-18,0E-18,27.000000000000000000,123.648000000000000000,CCM,780.000000000000000000,528.810000000000000000,528.810000000000000000,2024-03-27,51241120,,Disponible,General,MX01,P6,PRODUCTOS HIGIENICOS,FARMA SIN CLASIFICAR,No aplica,No aplica,No Aplica,INFLEXIBLES FARMA,Sin Clasificación,1.000000000000000000,null,20.000000000000000000,null,465.350000000000000000,null,"IVA 16%, no I.E.P.S.","IVA 16%, no I.E.P.S.",SBL,true,false,2024-06-25,Armando Romero,false,59.31,0.1200072842054146,5381601,07A3N,F0000029,123.648000000000000000,Z1,AUTOMEDICACIÓN,7032453,SPP,150000,S,S,S,N,S,S,S,S,S,7032453,84600,15
20251114,84600,000000000000041402,742.14,7,2724,15000000,41402,382903267873,JGA DESCH ULT-F 1ML 31X6MM C/30,NHAW,1003198,8.200000000000000000,15.000000000000000000,5.900000000000000000,136.000000000000000000,858.624000000000000000,CCM,146.120000000000000000,106.020000000000000000,146.120000000000000000,2019-07-19,42142609,JGA,Disponible,General,MX01,P6,MATERIAL DE CURACION,FARMA SIN CLASIFICAR,No aplica,No aplica,MED QUIR BECTON D,MODELO,Sin Clasificación,1.000000000000000000,null,15.000000000000000000,null,94.200000000000000000,null,"IVA 16%, no I.E.P.S.","IVA 16%, no I.E.P.S.",SBL,true,false,2019-10-17,Armando Romero,false,11.480000000000004,0.11147795688483204,817811,55A1C,F0000061,858.624000000000000000,Z2,AUTOMEDICACIÓN,7032453,SPP,150000,S,S,S,N,S,S,S,S,S,7032453,84600,7
20251114,84600,000000000000041172,115.98,2,5207,15000000,41172,4005900618993,DESOD NIVEAMEN FRESHEVOK SPY150ML,NHAW,1000046,16.500000000000000000,4.300000000000000000,4.300000000000000000,128.320000000000000000,325.248000000000000000,CCM,65.900000000000000000,57.990000000000000000,57.990000000000000000,2019-06-25,53131606,,Disponible,General,MX01,P6,HOMBRE,NO FARMA SIN CLASIF.,No aplica,No aplica,NIVEA,NO FARMA,Sin Clasificación,1.000000000000000000,null,12.000000000000000000,null,52.770000000000000000,null,"IVA 16%, no I.E.P.S.","IVA 16%, no I.E.P.S.",LTA,false,false,2019-09-23,Luis Toral Aldaco,false,5.018052450000006,0.09412966516601023,5380304,85C2D,F0000011,325.248000000000000000,,NO FARMA,7032453,SPP,150000,S,S,S,N,S,S,S,S,S,7032453,84600,2
20251114,84600,000000000000021584,57.98,2,5725,15000000,21584,13117029383,TAS HUM CHICOLASTIC CLASSIC 80 PZ,NHAW,1002978,10.100000000000000000,24.000000000000000000,4.200000000000000000,285.000000000000000000,1073.088000000000000000,CCM,32.210000000000000000,28.990000000000000000,28.990000000000000000,2019-02-10,42141503,,Disponible,General,MX01,P6,PAÑALES Y TOALLAS HU,NO FARMA SIN CLASIF.,No aplica,No aplica,CHICOLASTIC,MODELO,Sin Clasificación,1.000000000000000000,null,12.000000000000000000,null,25.800000000000000000,null,"IVA 16%, no I.E.P.S.","IVA 16%, no I.E.P.S.",LTA,false,false,2019-05-11,Elsa Cruz Avila,false,3.1899999999999977,0.11003794411866154,9784254,88A5A,F0000072,1073.088000000000000000,Z2,NO FARMA,7032453,SPP,150000,S,S,S,N,S,S,S,S,S,7032453,84600,2
20251114,84600,000000000000047382,133.86,2,5051,15000000,47382,7509546075259,CEP DENT COLGATE SUPER FLEXI C/5,NHAW,1000103,22.900000000000000000,12.000000000000000000,2.500000000000000000,85.000000000000000000,547.200000000000000000,CCM,78.740000000000000000,66.930000000000000000,66.930000000000000000,2021-10-15,42151909,,Disponible,General,MX01,P6,CEPILLOS,NO FARMA SIN CLASIF.,No aplica,No aplica,COLGATE,MODELO,Sin Clasificación,1.000000000000000000,null,12.000000000000000000,null,61.660000000000000000,null,"IVA 16%, no I.E.P.S.","IVA 16%, no I.E.P.S.",LTA,false,false,2022-01-13,Luis Toral Aldaco,false,5.8518897800000005,0.10818801589942688,2721503,93A1A,F0000011,547.200000000000000000,,NO FARMA,7032453,SPP,150000,S,S,S,N,S,S,S,S,S,7032453,84600,2
20251114,84600,000000000000006924,335.16,7,3933,15000000,6924,7501299368152,SENSIBIT-D TAB12 + KLEENEX,NHAW,1000332,6.000000000000000000,4.200000000000000000,11.100000000000000000,47.000000000000000000,293.776000000000000000,CCM,72.000000000000000000,47.880000000000000000,55.440000000000000000,2019-02-10,51161600,TAB,Disponible,General,MX01,P6,ANTIGRIPALES Y TOS,FARMA OTC-LIBRE VTA,No aplica,No aplica,SENSIBIT,MODELO,OTC,1.000000000000000000,null,84.000000000000000000,null,42.130000000000000000,LORATADINA,IVA 0%,IVA 0%,NBM,true,false,2019-05-11,Pablo Ruiz,false,6.3067999999999955,0.13548442534908692,72907,R05A0,F0000001,293.776000000000000000,Z1,OTC,7032453,SPP,150000,S,S,S,N,S,S,S,S,S,7032453,84600,7
20251114,84600,000000000000010430,839.85,5,2551,15000000,10430,7501065008459,THERAFLU EXT-TD ROJO 10SB ECONOPACK,NHAW,1000500,13.100000000000000000,4.500000000000000000,12.750000000000000000,183.320000000000000000,813.280000000000000000,CCM,272.410000000000000000,167.970000000000000000,206.710000000000000000,2019-02-10,51161800,GRAN,Disponible,General,MX01,P6,ANTIGRIPALES Y TOS,FARMA OTC-LIBRE VTA,Fase 1,No aplica,THERAFLU,MODELO,OTC,1.000000000000000000,null,12.000000000000000000,null,167.970000000000000000,PARACETAMOL/FENILEFRINA,IVA 0%,IVA 0%,LTA,true,false,2019-05-11,Elsa Cruz Avila,false,18.856446500000004,0.12236500000000003,506007,R05A0,F0000015,813.280000000000000000,Z1,OTC,7032453,SPP,150000,S,S,S,N,S,S,S,S,S,7032453,84600,5
20251114,84600,000000000000032652,1443.0500000000002,5,1785,15000000,32652,7501299308783,SENSIZONE 100MG 5MG SOL FCO 60ML,NHAW,1000332,9.500000000000000000,4.500000000000000000,4.500000000000000000,96.000000000000000000,272.160000000000000000,CCM,434.000000000000000000,288.610000000000000000,334.180000000000000000,2019-02-10,51161600,SOL,Disponible,General,MX01,P6,ETICOS,FARMA ETICOS,No aplica,No aplica,No Aplica,MODELO,Productos Éticos,1.000000000000000000,null,80.000000000000000000,null,253.980000000000000000,LORATADINA,IVA 0%,IVA 0%,NBM,true,false,2019-05-11,Pablo Ruiz,false,36.55782500000001,0.13540436682840107,3342501,H02B0,F0000001,272.160000000000000000,Z1,ETICO,7032453,SPP,150000,S,S,S,N,S,S,S,S,S,7032453,84600,5
20251114,84600,000000000000003903,1436.7599999999998,9,1792,15000000,3903,714706100901,SUKROL 100 TAB,NHAW,1001092,4.100000000000000000,8.100000000000000000,4.100000000000000000,78.320000000000000000,220.800000000000000000,CCM,270.280000000000000000,159.640000000000000000,159.640000000000000000,2019-02-10,51191905,TAB,Disponible,General,MX01,P6,VITAMINICOS,FARMA OTC-LIBRE VTA,No aplica,No aplica,SUKROL,INFLEXIBLES FARMA,OTC,1.000000000000000000,null,24.000000000000000000,null,140.480000000000000000,MULTIVITAMINAS,IVA 0%,IVA 0%,PBG,true,false,2019-05-11,Ahtziri González Martínez,false,21.030400000000014,0.137579484495617,8289120,N06E0,F0000066,220.800000000000000000,Z1,OTC,7032453,SPP,150000,S,S,S,N,S,S,S,S,S,7032453,84600,9
20251114,84600,000000000000011399,2896.9,5,935,15000000,11399,7501300408358,DIMEFOR-G 500/5MG 60 TAB REC,NHAW,1000503,6.000000000000000000,9.050000000000000000,5.000000000000000000,47.000000000000000000,293.280000000000000000,CCM,927.000000000000000000,579.380000000000000000,741.600000000000000000,2019-02-10,51181500,TAB,Disponible,General,MX01,P6,ETICOS,FARMA ETICOS,Fase Oro,No aplica,DIMEFOR,MODELO,Productos Éticos,1.000000000000000000,null,120.000000000000000000,null,579.380000000000000000,METFORMINA CLOHIDRATO DE,IVA 0%,IVA 0%,LTA,true,false,2019-05-11,Elsa Cruz Avila,false,86.65587199999999,0.17439999999999997,15607,A10J2,F0000001,293.280000000000000000,Z1,ETICO,7032453,SPP,150000,S,S,S,N,S,S,S,S,S,7032453,84600,5
20251114,84600,000000000000008248,1066.3,5,2226,15000000,8248,7501125122491,SODRIMAX 2/20/10MG OTICO 10ML,NHAW,1000413,7.600000000000000000,2.300000000000000000,2.300000000000000000,10.000000000000000000,41.472000000000000000,CCM,378.470000000000000000,213.260000000000000000,308.450000000000000000,2019-02-10,51241000,SOL,Disponible,General,MX01,P6,ETICOS,FARMA ETICOS,No aplica,No aplica,SODRIMAX,MODELO,Productos Éticos,1.000000000000000000,null,231.000000000000000000,null,189.800000000000000000,BENZOCAINA/CIPROFLOXACINO/HIDROCORTISONA,IVA 0%,IVA 0%,SBL,true,false,2019-05-11,Armando Romero,false,23.700800000000015,0.12780845556514245,149301,S02C0,F0000001,41.472000000000000000,Z1,ETICO,7032453,SPP,150000,S,S,S,N,S,S,S,S,S,7032453,84600,5
20251114,84600,000000000000033731,3863.7000000000003,6,673,15000000,33731,8020030053502,FLONORM 400 MG 14 TAB,NHAW,1001040,6.500000000000000000,14.170000000000000000,2.000000000000000000,15.000000000000000000,211.992000000000000000,CCM,810.000000000000000000,643.950000000000000000,643.950000000000000000,2019-02-10,51101500,TAB,Disponible,General,MX01,P6,ETICOS,FARMA ETICOS,Fase Oro,No aplica,FLONORM,INFLEXIBLES FARMA,Productos Éticos,1.000000000000000000,null,168.000000000000000000,null,568.870000000000000000,RIFAXIMINA,IVA 0%,IVA 0%,NBM,true,false,2019-05-11,Pablo Ruiz,false,79.5243999999999,0.1342682515026675,3955904,A07A0,F0000026,211.992000000000000000,Z1,ETICO,7032453,SPP,150000,S,S,S,N,S,S,S,S,S,7032453,84600,6
20251114,84600,000000000000001812,551.3100000000001,3,3197,15000000,1812,310119033340,RENU FRESH SOL 355 ML,NHAW,1002568,17.600000000000000000,6.600000000000000000,6.600000000000000000,440.820000000000000000,771.936000000000000000,CCM,328.150000000000000000,183.770000000000000000,229.710000000000000000,2019-02-11,51241100,,Disponible,General,MX01,P6,PRODUCTOS HIGIENICOS,FARMA SIN CLASIFICAR,Fase 1 y Oro,No aplica,RENU,MODELO,Sin Clasificación,1.000000000000000000,null,24.000000000000000000,null,161.720000000000000000,CLORURO SODICO/EDETATO DISODICO/BORATO DE SODIO/POLIHEXAMETILENO/POLOXAMINA/BIGUANIDA/ACIDO BORICO,"IVA 16%, no I.E.P.S.","IVA 16%, no I.E.P.S.",SBL,true,false,2019-05-12,Armando Romero,false,24.623999999999995,0.1420314933379477,2448610,64B5&,F0000026,771.936000000000000000,Z1,AUTOMEDICACIÓN,7032453,SPP,150000,S,S,S,N,S,S,S,S,S,7032453,84600,3
20251114,84600,000000000000001820,1152.5,2,2098,15000000,1820,7501110500136,ZYLETH 0.5%/0.3% OFT 5 ML SUSP,NHAW,1002568,8.700000000000000000,4.200000000000000000,2.700000000000000000,14.000000000000000000,96.320000000000000000,CCM,917.590000000000000000,576.250000000000000000,720.310000000000000000,2019-02-10,51101582,SUSP,Disponible,General,MX01,P6,ETICOS,FARMA ETICOS,Fase 1,No aplica,ZYLETH,MODELO,Productos Éticos,1.000000000000000000,null,144.000000000000000000,null,507.100000000000000000,TOBRAMICINA/LOTEPREDNOL ETABONATO,IVA 0%,IVA 0%,SBL,true,false,2019-05-11,Armando Romero,false,78.67975000000007,0.14200070386947744,372402,S01C1,F0000026,96.320000000000000000,Z1,ETICO,7032453,SPP,150000,S,S,S,N,S,S,S,S,S,7032453,84600,2
20251114,84600,000000000000016970,873.13,1,2495,15000000,16970,7501300407207,CEFURACET 7D 500 MG 14 TAB,NHAW,1001868,2.000000000000000000,14.200000000000000000,8.500000000000000000,27.500000000000000000,297.216000000000000000,CCM,1397.000000000000000000,873.130000000000000000,1117.600000000000000000,2019-02-10,51101500,TAB,Disponible,General,MX01,P6,ETICOS,FARMA ETICOS,No aplica,No aplica,CEFURACET,MODELO,Productos Éticos,1.000000000000000000,null,126.000000000000000000,null,873.130000000000000000,CEFUROXIMA,IVA 0%,IVA 0%,SBL,true,false,2019-05-11,Grecia Salazar Escorcia,false,115.69566249999991,0.15124999999999988,1829903,J01D1,F0000001,297.216000000000000000,Z1,ETICO,7032453,SPP,150000,S,S,S,N,S,S,S,S,S,7032453,84600,1
20251114,84600,000000000000049815,145.08,9,4964,15000000,49815,7506306247468,GEL EGO FRESH C-CAS FIJ-ALT 200ML,NHAW,1000414,7.800000000000000000,7.200000000000000000,7.200000000000000000,191.660000000000000000,372.400000000000000000,CCM,18.960000000000000000,16.120000000000000000,16.120000000000000000,2022-09-14,53131602,GEL,Disponible,General,MX01,P6,GEL,NO FARMA SIN CLASIF.,No aplica,No aplica,EGO,NO FARMA,Sin Clasificación,1.000000000000000000,null,12.000000000000000000,null,14.910000000000000000,null,"IVA 16%, no I.E.P.S.","IVA 16%, no I.E.P.S.",LTA,false,false,2022-12-13,Jhonatan Barrera Cervantes,false,1.38945,0.10510211800302571,787968,86G3&,F0000027,372.400000000000000000,,NO FARMA,7032453,SPP,150000,S,S,S,N,S,S,S,S,S,7032453,84600,9
20251114,84600,000000000000001567,318.06,3,4011,15000000,1567,382903267828,JGA DESUN FINEINS 1ML 30X13MM C/30,NHAW,1003198,8.500000000000000000,6.000000000000000000,15.000000000000000000,137.320000000000000000,580.320000000000000000,CCM,146.120000000000000000,106.020000000000000000,146.120000000000000000,2019-02-10,42142609,,Disponible,General,MX01,P6,MATERIAL DE CURACION,FARMA SIN CLASIFICAR,No aplica,No aplica,MED QUIR BECTON D,MODELO,Sin Clasificación,1.000000000000000000,null,15.000000000000000000,null,94.200000000000000000,MATERIAL DE CURACION,"IVA 16%, no I.E.P.S.","IVA 16%, no I.E.P.S.",SBL,true,false,2019-05-11,Armando Romero,false,11.480000000000004,0.11147795688483204,817822,55A1C,F0000061,580.320000000000000000,Z2,AUTOMEDICACIÓN,7032453,SPP,150000,S,S,S,N,S,S,S,S,S,7032453,84600,3
20251114,84600,000000000000010993,415.9,1,3616,15000000,10993,7501314703449,EXEL 15 MG AMP 3X1.5ML,NHAW,1000487,7.700000000000000000,1.800000000000000000,5.500000000000000000,17.000000000000000000,120.960000000000000000,CCM,580.000000000000000000,415.900000000000000000,415.900000000000000000,2019-02-10,51142100,AMP,Disponible,General,MX01,P6,ETICOS,FARMA ETICOS,Fase 1,No aplica,EXEL,MODELO,Productos Éticos,1.000000000000000000,null,120.000000000000000000,null,365.990000000000000000,MELOXICAM,IVA 0%,IVA 0%,VZJ,true,false,2019-05-11,Diana Valentina Cruz,false,43.01999999999998,0.11998995899924689,3659305,M01A1,F0000022,120.960000000000000000,Z1,ETICO,7032453,SPP,150000,S,S,S,N,S,S,S,S,S,7032453,84600,1
20251114,84600,000000000000052181,100.14,2,5329,15000000,52181,3616303842550,DESOD ADIDAS WOM FRESH ENDU 150ML,NHAW,1000131,0E-18,0E-18,0E-18,155.500000000000000000,340.736000000000000000,CCM,62.090000000000000000,50.070000000000000000,55.880000000000000000,2023-08-16,53131606,,Disponible,General,MX01,P6,MUJER,NO FARMA SIN CLASIF.,No aplica,No aplica,ADIDAS,MODELO,Sin Clasificación,1.000000000000000000,null,12.000000000000000000,null,50.070000000000000000,null,"IVA 16%, no I.E.P.S.","IVA 16%, no I.E.P.S.",LTA,false,false,2023-11-14,Jhonatan Barrera Cervantes,false,null,null,5085702,85C1D,F0000045,340.736000000000000000,,NO FARMA,7032453,SPP,150000,S,S,S,N,S,S,S,S,S,7032453,84600,2
20251114,84600,000000000000019874,141.95,5,4987,15000000,19874,7506309837253,CRA PANT RIZOS DEF P/PEIN 153G,NHAW,1000416,17.500000000000000000,6.000000000000000000,3.500000000000000000,191.660000000000000000,314.880000000000000000,CCM,32.260000000000000000,28.390000000000000000,28.390000000000000000,2019-02-10,53131602,,Disponible,General,MX01,P6,CREMA PARA PEINAR,NO FARMA SIN CLASIF.,No aplica,No aplica,PANTENE,NO FARMA,Sin Clasificación,1.000000000000000000,null,12.000000000000000000,null,25.640000000000000000,null,"IVA 16%, no I.E.P.S.","IVA 16%, no I.E.P.S.",LTA,false,false,2019-05-11,Luis Toral Aldaco,false,2.4281000000000006,0.10142439431913118,1174212,86C2Z,F0000004,314.880000000000000000,,NO FARMA,7032453,SPP,150000,S,S,S,N,S,S,S,S,S,7032453,84600,4.999999999999999
20251114,84600,000000000000049943,535.33,1,3245,15000000,49943,7501299310489,INHIBITRON TWIT40 40/1100 30 CAPS,NHAW,1000332,9.100000000000000000,13.400000000000000000,6.300000000000000000,66.000000000000000000,836.096000000000000000,CCM,805.000000000000000000,535.330000000000000000,619.850000000000000000,2022-10-20,51171900,CAPS,Disponible,General,MX01,P6,ETICOS,FARMA ETICOS,No aplica,No aplica,INHIBITRON,MODELO,Productos Éticos,1.000000000000000000,null,36.000000000000000000,null,471.090000000000000000,OMEPRAZOL/BICARBONATO DE SODIO,IVA 0%,IVA 0%,NBM,true,false,2023-01-18,Pablo Ruiz,false,72.48407500000008,0.13540073412661363,2532302,A02B2,F0000001,836.096000000000000000,Z1,ETICO,7032453,SPP,150000,S,S,S,N,S,S,S,S,S,7032453,84600,1
20251114,84600,000000000000009463,576.46,2,3117,15000000,9463,7501384503154,HALOPERIL 5MG 20 TAB,NHAW,1000426,10.800000000000000000,5.500000000000000000,1.600000000000000000,14.000000000000000000,80.000000000000000000,CCM,419.800000000000000000,288.230000000000000000,333.740000000000000000,2019-02-10,51141702,TAB,Disponible,General,MX01,P6,ETICOS,FARMA ETICOS,No aplica,No aplica,HALOPERIL,MODELO,Productos Éticos,1.000000000000000000,null,270.000000000000000000,null,253.640000000000000000,HALOPERIDOL,IVA 0%,IVA 0%,NBM,true,false,2019-05-11,Pablo Ruiz,false,34.79435999999998,0.13055555138643948,4467930,N05A9,F0000001,80.000000000000000000,Z1,ETICO,7032453,SPP,150000,S,S,S,N,S,S,S,S,S,7032453,84600,2
20251114,84600,000000000000019403,1197.93,3,2038,15000000,19403,7501298221823,NEUROBION DC 100/100/10MG S INY 3JG,NHAW,1000416,10.300000000000000000,3.800000000000000000,20.100000000000000000,98.000000000000000000,881.280000000000000000,CCM,800.000000000000000000,399.310000000000000000,570.900000000000000000,2019-02-10,51191909,SOL,Disponible,General,MX01,P6,ETICOS,FARMA ETICOS,No aplica,No aplica,NEUROBION,MODELO,Productos Éticos,1.000000000000000000,null,70.000000000000000000,null,399.310000000000000000,CIANOCOBALAMINA (V:VITAMINA B1/TIAMINA/PIRIDOXINA (V:VITAMINA B6),IVA 0%,IVA 0%,LTA,true,false,2019-05-11,Luis Toral Aldaco,false,35.264544,0.10819999999999999,6209007,A11D4,F0000005,881.280000000000000000,Z1,ETICO,7032453,SPP,150000,S,S,S,N,S,S,S,S,S,7032453,84600,3
20251114,84600,000000000000002258,4850.5599999999995,11,496,15000000,2258,7501008493007,VAGITROL-V 10 OV,NHAW,1000475,5.700000000000000000,3.000000000000000000,10.900000000000000000,29.000000000000000000,201.840000000000000000,CCM,689.000000000000000000,440.960000000000000000,551.200000000000000000,2019-02-10,51101603,OV,Disponible,General,MX01,P6,ETICOS,FARMA ETICOS,No aplica,No aplica,VAGITROL-V,MODELO,Productos Éticos,1.000000000000000000,null,180.000000000000000000,null,392.450000000000000000,METRONIDAZOL/NISTATINA/ACETONIDO DE FLUOCINOLONA,IVA 0%,IVA 0%,PBG,true,false,2019-05-11,Rafael Acevedo Roa,false,56.28085999999996,0.13936425316957202,9154010,G01A2,F0000001,201.840000000000000000,Z1,ETICO,7032453,SPP,150000,S,S,S,N,S,S,S,S,S,7032453,84600,11
20251114,84600,000000000000052235,604.34,1,3042,15000000,52235,3282770389197,DUCRAY MELASCREEN CRA A-MANC 30ML,NHAW,1000203,0E-18,0E-18,0E-18,74.000000000000000000,198.400000000000000000,CCM,887.930000000000000000,604.340000000000000000,604.340000000000000000,2023-09-06,53131613,CRA,Disponible,General,MX01,P6,DERMATOLOGICOS OTC,FARMA SIN CLASIFICAR,No aplica,No aplica,DUCRAY,INFLEXIBLES FARMA,Sin Clasificación,1.000000000000000000,null,60.000000000000000000,null,554.780000000000000000,null,"IVA 16%, no I.E.P.S.","IVA 16%, no I.E.P.S.",LTA,true,false,2023-12-05,Erika Cristain Martínez,false,68.93340340000003,0.12646474535847954,2228213,82B4&,F0000042,198.400000000000000000,Z2,AUTOMEDICACIÓN,7032453,SPP,150000,S,S,S,N,S,S,S,S,S,7032453,84600,1
20251114,84600,000000000000048831,2300.94,3,1186,15000000,48831,8470001997302,CONTORNO ENDOCARE RAD A-OJER 15ML,NHAW,1001653,10.500000000000000000,4.300000000000000000,3.300000000000000000,50.000000000000000000,171.072000000000000000,CCM,935.340000000000000000,766.980000000000000000,766.980000000000000000,2022-05-11,53131613,,Disponible,General,MX01,P6,ANTI EDAD,NO FARMA SIN CLASIF.,No aplica,No aplica,ENDOCARE,MODELO,Sin Clasificación,1.000000000000000000,null,35.000000000000000000,null,651.940000000000000000,null,"IVA 16%, no I.E.P.S.","IVA 16%, no I.E.P.S.",LTA,false,false,2022-08-09,Erika Cristain Martínez,false,110.35849999999994,0.15849502362521356,4751401,82D2A,F0000077,171.072000000000000000,Z2,NO FARMA,7032453,SPP,150000,S,S,S,N,S,S,S,S,S,7032453,84600,3
20251114,84600,000000000000008502,134.64000000000001,3,5046,15000000,8502,7501056340025,CRA SEDAL SOS RECON-ESTRU 300ML,NHAW,1000414,17.000000000000000000,5.300000000000000000,6.300000000000000000,333.320000000000000000,576.720000000000000000,CCM,51.000000000000000000,44.880000000000000000,44.880000000000000000,2019-02-10,53131602,,Disponible,General,MX01,P6,CREMA PARA PEINAR,NO FARMA SIN CLASIF.,No aplica,No aplica,SEDAL,NO FARMA,Sin Clasificación,1.000000000000000000,null,12.000000000000000000,null,41.720000000000000000,null,"IVA 16%, no I.E.P.S.","IVA 16%, no I.E.P.S.",LTA,false,false,2019-05-11,Jhonatan Barrera Cervantes,false,3.8924499999999966,0.10746686913307556,1105501,86C2A,F0000027,576.720000000000000000,,NO FARMA,7032453,SPP,150000,S,S,S,N,S,S,S,S,S,7032453,84600,3
20251114,84600,000000000000021702,1424.52,18,1804,15000000,21702,7501299355060,CICLOFERON EXTREM 5G CRA COLOR PIEL,NHAW,1000332,10.500000000000000000,10.300000000000000000,2.500000000000000000,20.780000000000000000,281.216000000000000000,CCM,119.000000000000000000,79.140000000000000000,91.630000000000000000,2019-02-10,51102300,CRA,Disponible,General,MX01,P6,DERMATOLOGICOS OTC,FARMA OTC-LIBRE VTA,No aplica,No aplica,CICLOFERON,MODELO,OTC,1.000000000000000000,null,128.000000000000000000,null,69.640000000000000000,LIDOCAINA/ACICLOVIR,IVA 0%,IVA 0%,NBM,true,false,2019-05-11,Pablo Ruiz,false,10.267425000000003,0.1354362880886427,579603,D06D1,F0000001,281.216000000000000000,Z1,OTC,7032453,SPP,150000,S,S,S,N,S,S,S,S,S,7032453,84600,18
20251114,84600,000000000000008667,859.14,54,2520,15000000,8667,7590002036457,VICK PYRENA MIEL-L GRANU5G SB1 S,NHAW,1000416,6.000000000000000000,8.000000000000000000,0.200000000000000000,9.500000000000000000,28.080000000000000000,CCM,28.270000000000000000,15.910000000000000000,15.910000000000000000,2019-02-10,51161800,GRAN,Disponible,General,MX01,P6,ANTIGRIPALES Y TOS,FARMA OTC-LIBRE VTA,No aplica,No aplica,VICK,INFLEXIBLES FARMA,OTC,1.000000000000000000,12.000000000000000000,120.000000000000000000,null,14.750000000000000000,PARACETAMOL/CLORHIDRATO DE FENILEFRINA,IVA 0%,IVA 0%,LTA,true,false,2019-05-11,Luis Toral Aldaco,false,1.6113877199999997,0.12376249769585251,9272815,R05A0,F0000006,28.080000000000000000,Z1,OTC,7032453,SPP,150000,S,S,S,N,S,S,S,S,S,7032453,84600,54
20251114,84600,000000000000055071,675,6,2856,15000000,55071,7501300450692,MIDENAR 4000 UI 30 CAPS,NHAW,1001868,0E-18,0E-18,0E-18,25.400000000000000000,182.505000000000000000,CCM,180.000000000000000000,112.500000000000000000,144.000000000000000000,2025-05-21,1010101,CAPS,Disponible,General,MX01,P6,ETICOS,FARMA ETICOS,Fase Oro,No aplica,No Aplica,MODELO,Productos Éticos,1.000000000000000000,null,196.000000000000000000,null,112.500000000000000000,null,IVA 0%,IVA 0%,SBL,true,false,2025-08-19,Grecia Salazar Escorcia,false,null,null,5503501,A11C2,F0000001,182.505000000000000000,Z1,ETICO,7032453,SPP,150000,S,S,S,N,S,S,S,S,S,7032453,84600,6
20251114,84600,000000000000029813,69.66,2,5611,15000000,29813,26169030726,FRAG BODY FANTASI TWILIGHT MIST94ML,NHAW,1003168,16.500000000000000000,5.000000000000000000,2.500000000000000000,113.320000000000000000,202.176000000000000000,CCM,43.540000000000000000,34.830000000000000000,34.830000000000000000,2019-02-10,53131620,,Disponible,General,MX01,P6,LOCIONES,NO FARMA SIN CLASIF.,No aplica,No aplica,BODY FRESH,MODELO,Sin Clasificación,1.000000000000000000,null,12.000000000000000000,null,34.830000000000000000,null,"IVA 16%, no I.E.P.S.","IVA 16%, no I.E.P.S.",LTA,false,false,2019-05-11,Erika Cristain Martínez,false,4.8825,0.15000000000000002,2602613,82F8&,F0000072,202.176000000000000000,,NO FARMA,7032453,SPP,150000,S,S,S,N,S,S,S,S,S,7032453,84600,2
20251114,84600,000000000000047385,177.88,4,4753,15000000,47385,7500435179980,ENJ BUC ORAL-B 100% MTA 250 ML,NHAW,1000416,17.700000000000000000,8.200000000000000000,4.400000000000000000,305.000000000000000000,408.320000000000000000,CCM,52.320000000000000000,44.470000000000000000,44.470000000000000000,2021-10-18,53131501,,Disponible,General,MX01,P6,ENJUAGUE BUCAL,NO FARMA SIN CLASIF.,No aplica,No aplica,ORAL-B,NO FARMA,Sin Clasificación,1.000000000000000000,null,12.000000000000000000,null,40.150000000000000000,null,"IVA 16%, no I.E.P.S.","IVA 16%, no I.E.P.S.",LTA,false,false,2022-01-16,Luis Toral Aldaco,false,4.049799999999998,0.10167712779312071,6487716,87B3A,F0000004,408.320000000000000000,Z2,NO FARMA,7032453,SPP,150000,S,S,S,N,S,S,S,S,S,7032453,84600,4
20251114,84600,000000000000044029,472.03000000000003,13,3431,15000000,44029,75062613,ESP GTTE AFEITAR SENSITIVE 57ML,NHAW,1000416,12.500000000000000000,3.500000000000000000,3.500000000000000000,91.660000000000000000,145.656000000000000000,CCM,42.720000000000000000,36.310000000000000000,36.310000000000000000,2020-05-14,53131611,,Disponible,General,MX01,P6,RASURADO,NO FARMA SIN CLASIF.,No aplica,No aplica,GILLETE,NO FARMA,Sin Clasificación,1.000000000000000000,null,24.000000000000000000,null,32.750000000000000000,null,"IVA 16%, no I.E.P.S.","IVA 16%, no I.E.P.S.",LTA,false,false,2020-08-12,Luis Toral Aldaco,false,2.196749999999998,0.10241258741258732,849140,81A1C,F0000004,145.656000000000000000,,NO FARMA,7032453,SPP,150000,S,S,S,N,S,S,S,S,S,7032453,84600,13
20251114,84600,000000000000011739,59.19,1,5711,15000000,11739,3614225108990,TIN KOLESTON ROJO-EXOT 5546,NHAW,1001552,15.800000000000000000,5.300000000000000000,8.700000000000000000,193.320000000000000000,965.632000000000000000,CCM,67.260000000000000000,59.190000000000000000,59.190000000000000000,2019-02-10,12171500,,Disponible,General,MX01,P6,MUJER,NO FARMA SIN CLASIF.,No aplica,No aplica,KOLESTON,NO FARMA,Sin Clasificación,1.000000000000000000,null,12.000000000000000000,null,53.270000000000000000,null,"IVA 16%, no I.E.P.S.","IVA 16%, no I.E.P.S.",LTA,false,false,2019-05-11,Jessica Gudiño Tome,false,5.919999999999995,0.10001689474573398,9784603,86E2&,F0000011,965.632000000000000000,,NO FARMA,7032453,SPP,150000,S,S,S,N,S,S,S,S,S,7032453,84600,1
20251114,84600,000000000000022686,1724.5400000000002,46,1534,15000000,22686,7501019036422,TAMPONES SABA COMPAC SUPEPLUS C/10,NHAW,1000126,9.100000000000000000,10.200000000000000000,4.200000000000000000,89.160000000000000000,638.400000000000000000,CCM,41.660000000000000000,37.490000000000000000,37.490000000000000000,2019-02-10,53131615,,Disponible,General,MX01,P6,HIGIENE FEMENINA,NO FARMA SIN CLASIF.,Fase Oro,No aplica,SABA,NO FARMA,Sin Clasificación,1.000000000000000000,null,24.000000000000000000,null,33.740000000000000000,null,IVA 0%,IVA 0%,LTA,false,false,2019-05-11,Jessica Gudiño Tome,false,3.5900000000000034,0.10005574136008927,1295805,91B3&,F0000011,638.400000000000000000,,NO FARMA,7032453,SPP,150000,S,S,S,N,S,S,S,S,S,7032453,84600,46
20251114,84600,000000000000026524,37.72,1,5908,15000000,26524,37836040412,CRA RICITOS DE ORO LAV/LECH 250ML,NHAW,1000227,20.000000000000000000,6.000000000000000000,4.000000000000000000,280.000000000000000000,559.440000000000000000,CCM,46.010000000000000000,37.720000000000000000,37.720000000000000000,2019-02-10,53131613,,Disponible,General,MX01,P6,CUIDADO DEL BEBE,NO FARMA SIN CLASIF.,No aplica,No aplica,GRISI 1,MODELO,Sin Clasificación,1.000000000000000000,null,12.000000000000000000,null,37.720000000000000000,null,"IVA 16%, no I.E.P.S.","IVA 16%, no I.E.P.S.",LTA,false,false,2019-05-11,Jhonatan Barrera Cervantes,false,3.5249999999999986,0.09999999999999996,1042309,88B1&,F0000045,559.440000000000000000,Z2,NO FARMA,7032453,SPP,150000,S,S,S,N,S,S,S,S,S,7032453,84600,1
20251114,84600,000000000000050511,65.46000000000001,3,5651,15000000,50511,7509546682297,JBN PALMOL NAT JALEA-YOGHUR 120G,NHAW,1000103,6.000000000000000000,10.100000000000000000,3.600000000000000000,125.000000000000000000,220.320000000000000000,CCM,23.720000000000000000,21.820000000000000000,21.820000000000000000,2023-01-03,53131608,JBN,Disponible,General,MX01,P6,JABON,NO FARMA SIN CLASIF.,No aplica,No aplica,PALMOLIVE,MODELO,Sin Clasificación,1.000000000000000000,null,72.000000000000000000,null,20.100000000000000000,null,"IVA 16%, no I.E.P.S.","IVA 16%, no I.E.P.S.",LTA,false,false,2023-04-03,Luis Toral Aldaco,false,2.2614503799999994,0.11026086689419791,3518202,85A1A,F0000011,220.320000000000000000,,NO FARMA,7032453,SPP,150000,S,S,S,N,S,S,S,S,S,7032453,84600,3.0000000000000004
20251114,84600,000000000000013595,499.51,11,3347,15000000,13595,37836050312,JBN LIQ GRISI LECH/BURR 450ML,NHAW,1000227,20.100000000000000000,4.500000000000000000,8.500000000000000000,543.320000000000000000,814.464000000000000000,CCM,55.410000000000000000,45.410000000000000000,45.410000000000000000,2019-02-10,53131612,,Disponible,General,MX01,P6,JABON,NO FARMA SIN CLASIF.,No aplica,No aplica,GRISI 1,MODELO,Sin Clasificación,1.000000000000000000,null,12.000000000000000000,null,45.410000000000000000,null,"IVA 16%, no I.E.P.S.","IVA 16%, no I.E.P.S.",LTA,false,false,2019-05-11,Jhonatan Barrera Cervantes,false,4.283999999999999,0.09999999999999996,1307803,85A1B,F0000045,814.464000000000000000,,NO FARMA,7032453,SPP,150000,S,S,S,N,S,S,S,S,S,7032453,84600,11
20251114,84600,000000000000048143,239.12,8,4402,15000000,48143,6923700977561,MASC FAC GARNIER HIDRA-B GRANADA,NHAW,1000113,17.300000000000000000,12.800000000000000000,1.000000000000000000,39.000000000000000000,375.840000000000000000,CCM,35.160000000000000000,29.890000000000000000,29.890000000000000000,2022-02-09,53131613,,Disponible,General,MX01,P6,CUIDADOS ESENCIALES,NO FARMA SIN CLASIF.,No aplica,No aplica,GARNIER,NO FARMA,Sin Clasificación,1.000000000000000000,null,20.000000000000000000,null,26.900000000000000000,null,"IVA 16%, no I.E.P.S.","IVA 16%, no I.E.P.S.",LTA,false,false,2022-05-10,Jessica Gudiño Tome,false,2.6899999999999977,0.09999999999999992,3022930,82B6B,F0000011,375.840000000000000000,Z2,NO FARMA,7032453,SPP,150000,S,S,S,N,S,S,S,S,S,7032453,84600,8
20251114,84600,000000000000013095,1417.5,3,1811,15000000,13095,7501022101933,TRAT FOLCRESS 5% FCO 60ML 3X1,NHAW,1000227,7.100000000000000000,16.800000000000000000,10.400000000000000000,773.500000000000000000,2169.650000000000000000,CCM,585.900000000000000000,472.500000000000000000,472.500000000000000000,2019-02-10,53131616,,Disponible,General,MX01,P6,TRATAMIENTOS,NO FARMA SIN CLASIF.,No aplica,No aplica,FOLCRESS,MODELO,Sin Clasificación,1.000000000000000000,null,6.000000000000000000,null,472.500000000000000000,null,IVA 0%,IVA 0%,LTA,false,false,2019-05-11,Jhonatan Barrera Cervantes,false,56.69999999999999,0.11999999999999998,3991904,D11A0,F0000045,2169.650000000000000000,Z2,NO FARMA,7032453,SPP,150000,S,S,S,N,S,S,S,S,S,7032453,84600,3
20251114,84600,000000000000019357,267.3,5,4249,15000000,19357,7509546059006,FIJ CAPRICE SP GRANADA SPY 316ML,NHAW,1000103,19.700000000000000000,6.700000000000000000,6.700000000000000000,350.000000000000000000,727.552000000000000000,CCM,62.890000000000000000,53.460000000000000000,53.460000000000000000,2019-02-10,53131602,,Disponible,General,MX01,P6,FIJADORES Y MOUSSE,NO FARMA SIN CLASIF.,No aplica,No aplica,CAPRICE,MODELO,Sin Clasificación,1.000000000000000000,null,12.000000000000000000,null,49.250000000000000000,null,"IVA 16%, no I.E.P.S.","IVA 16%, no I.E.P.S.",LTA,false,false,2019-05-11,Luis Toral Aldaco,false,5.70775149,0.10818331103108415,799544,86G4&,F0000011,727.552000000000000000,,NO FARMA,7032453,SPP,150000,S,S,S,N,S,S,S,S,S,7032453,84600,5
20251114,84600,000000000000013767,83.64,2,5476,15000000,13767,7501718809853,POLIYODINE 11G/100ML SOL 120 ML,NHAW,1000639,12.000000000000000000,4.000000000000000000,4.000000000000000000,148.320000000000000000,205.216000000000000000,CCM,52.280000000000000000,41.820000000000000000,41.820000000000000000,2019-02-10,42312313,,Disponible,General,MX01,P6,DESINFECTANTES Y EST,FARMA SIN CLASIFICAR,Fase 1,No aplica,POLIYODINE,INFLEXIBLES FARMA,Sin Clasificación,1.000000000000000000,null,12.000000000000000000,null,36.800000000000000000,null,"IVA 16%, no I.E.P.S.","IVA 16%, no I.E.P.S.",LTA,true,false,2019-05-11,Erika Cristain Martínez,false,4.799999999999997,0.11999999999999993,7180904,01C1G,F0000045,205.216000000000000000,Z2,AUTOMEDICACIÓN,7032453,SPP,150000,S,S,S,N,S,S,S,S,S,7032453,84600,2
20251114,84600,000000000000051906,19.59,1,6078,15000000,51906,7501019043567,PROTEC LACTANCIA SABA SUAVID C/12,NHAW,1000126,0E-18,0E-18,0E-18,78.320000000000000000,925.344000000000000000,CCM,21.770000000000000000,19.590000000000000000,19.590000000000000000,2023-07-10,53131615,,Disponible,General,MX01,P6,ACCESORIOS,NO FARMA SIN CLASIF.,No aplica,No aplica,SABA,NO FARMA,Sin Clasificación,1.000000000000000000,null,12.000000000000000000,null,17.630000000000000000,null,"IVA 16%, no I.E.P.S.","IVA 16%, no I.E.P.S.",LTA,false,false,2023-10-08,Jessica Gudiño Tome,false,1.8699999999999974,0.0997865528281749,5076202,91C5&,F0000011,925.344000000000000000,,NO FARMA,7032453,SPP,150000,S,S,S,N,S,S,S,S,S,7032453,84600,1
20251114,84600,000000000000005833,881.6500000000001,35,2483,15000000,5833,354312225140,VITACILINA 16 G UNG,NHAW,1000274,3.000000000000000000,2.000000000000000000,11.500000000000000000,20.000000000000000000,90.624000000000000000,CCM,31.480000000000000000,25.190000000000000000,25.190000000000000000,2019-02-11,53131613,UNG,Disponible,General,MX01,P6,DERMATOLOGICOS OTC,FARMA OTC-LIBRE VTA,No aplica,No aplica,VITACILINA,MODELO,OTC,1.000000000000000000,null,200.000000000000000000,null,25.190000000000000000,VITAMINA A/NEOMICINA,IVA 0%,IVA 0%,LTA,true,false,2019-05-12,Elsa Cruz Avila,false,2.6136000000000017,0.11000000000000007,9360006,D06A0,F0000026,90.624000000000000000,Z1,OTC,7032453,SPP,150000,S,S,S,N,S,S,S,S,S,7032453,84600,35
20251114,84600,000000000000031335,211.92,8,4541,15000000,31335,7502231320481,AMOXICILINA 500 MG 15 CAPS  LGEN,NHAW,1001226,7.700000000000000000,10.000000000000000000,1.500000000000000000,30.000000000000000000,143.208000000000000000,CCM,106.000000000000000000,26.490000000000000000,26.490000000000000000,2019-02-10,51101511,CAPS,Disponible,General,MX01,P6,SALES FARMA,FARMA ETICOS,No aplica,No aplica,MICRO PHAR,GENERICOS,Productos Éticos,1.000000000000000000,null,600.000000000000000000,null,22.520000000000000000,AMOXICILINA,IVA 0%,IVA 0%,NBM,true,false,2019-05-11,Pablo Ruiz,true,4.3528400000000005,0.16432012080030203,4542401,J01C1,F0000120,143.208000000000000000,Z1,GENÉRICOS,7032453,SPP,150000,S,S,S,N,S,S,S,S,S,7032453,84600,8
20251114,84600,000000000000041062,1032.24,2,2276,15000000,41062,7501070635787,STADIUM-T 75/25MG 10 TAB,NHAW,1000475,4.800000000000000000,11.000000000000000000,2.000000000000000000,11.000000000000000000,107.520000000000000000,CCM,782.000000000000000000,516.120000000000000000,625.600000000000000000,2019-06-10,51142100,TAB,Disponible,General,MX01,P6,ETICOS,FARMA ETICOS,No aplica,No aplica,STADIUM,MODELO,Productos Éticos,1.000000000000000000,null,292.000000000000000000,null,459.350000000000000000,CLORHIDRATO DE TRAMADOL/DEXKETOPROFENO,IVA 0%,IVA 0%,PBG,true,false,2019-09-08,Rafael Acevedo Roa,false,65.85914000000002,0.13936672591840193,4074201,N02B0,F0000001,107.520000000000000000,Z1,ETICO,7032453,SPP,150000,S,S,S,N,S,S,S,S,S,7032453,84600,2
